KEYWORD_ID,KEYWORD_NAME
1,1st party data marketing
2,6sense account based marketing
3,abm b2b marketing
4,abm consultancy company
5,abm content strategy
6,abm data
7,abm data systems
8,abm engagement
9,abm for b2b
10,abm framework
11,abm intent data
12,abm is b2b
13,abm marketing strategy
14,abm martech
15,abm martech stack
16,abm media
17,abm outreach
18,abm social media
19,abm strategy
20,abm strategy definition
21,abm strategy examples
22,abm strategy marketing
23,abm strategy meaning
24,abm strategy template
25,abm tech stack
26,account base marketing
27,account based marketing
28,account based marketing abm strategy
29,account based marketing definition
30,account based marketing examples
31,account based marketing hubspot
32,account based marketing software
33,account based marketing strategy
34,account based marketing tactics
35,account-based marketing
36,account-based marketing tactics 2020
37,ad creative
38,ad creatives
39,adobe marketing automation
40,advantage of display advertising over search advertising
41,advertising agency b2b
42,advertising display
43,affiliate marketing strategy
44,agence linkedin ads
45,agency analytics
46,agency brand identity
47,analytics & marketing dashboards
48,analytics agency
49,audience analysis and segmentation
50,audience segmentation
51,audience segmentation and profiling
52,audience segmentation and targeting
53,audience segmentation categories
54,audience segmentation examples
55,audience segmentation in digital marketing
56,audience segmentation model
57,audience segmentation research
58,audience segmentation tool
59,audience segmentation tools
60,b2b abm
61,b2b account based marketing
62,b2b ad agency
63,b2b advertising agencies
64,b2b advertising agency
65,b2b agency
66,b2b audience personas
67,b2b audience research
68,b2b brand activation
69,b2b brand audit
70,b2b brand awareness
71,b2b brand awareness agency
72,b2b brand awareness campaign
73,b2b brand awareness strategy
74,b2b brand awareness tactics
75,b2b brand consulting
76,b2b brand management
77,b2b brand marketing
78,b2b brand marketing agency
79,b2b brand marketing strategy
80,b2b brand messaging
81,b2b brand personality
82,b2b brand positioning agency
83,b2b brand research
84,b2b brand storytelling
85,b2b brand strategy
86,b2b brand strategy agency
87,b2b brand strategy examples
88,b2b brand tracking
89,b2b brand voice
90,b2b branded content
91,b2b branding
92,b2b branding agency
93,b2b branding and marketing agency
94,b2b branding architecture
95,b2b branding case studies
96,b2b branding companies
97,b2b branding services
98,b2b branding strategies
99,b2b business data
100,b2b buyer persona
101,b2b buyer persona development
102,b2b buyer persona research
103,b2b buyer personas
104,b2b channel marketing strategy
105,b2b client engagement strategies
106,b2b company branding
107,b2b competitor analysis
108,b2b content audit
109,b2b content consumption
110,b2b content creation
111,b2b content creation agency
112,b2b content experience
113,b2b content marketing
114,b2b content marketing agency
115,b2b content marketing best practices
116,b2b content marketing services
117,b2b content marketing strategy
118,b2b content strategy
119,b2b content syndication
120,b2b content syndication services
121,b2b content writing
122,b2b content writing ageny
123,b2b corporate branding
124,b2b creative
125,b2b creative agency
126,b2b creative and digital marketing agency
127,b2b creative campaigns
128,b2b creative design
129,b2b creative marketing agency
130,b2b creative services
131,b2b customer engagement strategies
132,b2b customer experience strategy
133,b2b cx strategy
134,b2b data analysis
135,b2b data append
136,b2b data cleansing
137,b2b data cleansing services
138,b2b data driven marketing
139,b2b data enrichment
140,b2b data enrichment tools
141,b2b data hygiene
142,b2b data quality
143,b2b data services
144,b2b data transformation
145,b2b data visualization
146,b2b demand generation
147,b2b demand generation agency
148,b2b demand generation best practices
149,b2b demand generation campaigns
150,b2b demand generation funnel
151,b2b demand generation methods
152,b2b demand generation tactics
153,b2b digital
154,b2b digital advertising
155,b2b digital advertising agencies
156,b2b digital advertising companies
157,b2b digital agencies
158,b2b digital agency
159,b2b digital experience
160,b2b digital marketing
161,b2b digital marketing advertising
162,b2b digital marketing agencies
163,b2b digital marketing agency
164,b2b digital marketing agency for tech companies
165,b2b digital marketing agency uk
166,b2b digital marketing roi
167,b2b digital marketing services
168,b2b digital marketing strategies
169,b2b digital marketing strategy examples
170,b2b digital marketing tactics
171,b2b digital media
172,b2b digital media strategy
173,b2b digital strategy best companies
174,b2b digital transformation
175,b2b display advertising
176,b2b email marketing
177,b2b email marketing strategy
178,b2b enterprise content marketing
179,b2b enterprise marketing
180,b2b enterprise saas marketing organization
181,b2b event marketing strategy
182,b2b facebook content
183,b2b facebook marketing strategy
184,b2b full service
185,b2b go to market strategy
186,b2b inbound marketing
187,b2b inbound marketing strategy
188,b2b influencer marketing
189,b2b interactive content
190,b2b internet marketing agency
191,b2b lead gen
192,b2b lead gen agency
193,b2b lead gen companies
194,b2b lead gen company
195,b2b lead generation
196,b2b lead generation agency
197,b2b lead generation best practices
198,b2b lead generation companies
199,b2b lead generation outsourcing
200,b2b lead generation service
201,b2b lead generation services
202,b2b lead generation strategies
203,b2b lead generation strategy
204,b2b lead generation uk
205,b2b lead nurturing tactics
206,b2b lead scoring
207,b2b linkedin content
208,b2b market research
209,b2b market research agency
210,b2b market segmentation
211,b2b marketing
212,b2b marketing agencies
213,b2b marketing agency
214,b2b marketing agency full service
215,b2b marketing analytics
216,b2b marketing analytics dashboards
217,b2b marketing automation
218,b2b marketing automation platforms
219,b2b marketing automation software
220,b2b marketing awards
221,b2b marketing channels
222,b2b marketing communication strategy
223,b2b marketing companies
224,b2b marketing company
225,b2b marketing consultant
226,b2b marketing copywriting
227,b2b marketing data providers
228,b2b marketing digital
229,b2b marketing lead generation
230,b2b marketing mix strategy
231,b2b marketing personalization
232,b2b marketing personas
233,b2b marketing plan
234,b2b marketing services
235,b2b marketing social media strategy
236,b2b marketing strategies
237,b2b marketing strategy
238,b2b marketing strategy agency
239,b2b marketing strategy agency london
240,b2b marketing strategy consulting
241,b2b marketing strategy definition
242,b2b marketing strategy framework
243,b2b marketing strategy services
244,b2b marketing strategy slideshare
245,b2b marketing strategy training
246,b2b marketing technologies
247,b2b messaging
248,b2b messaging examples
249,b2b messaging platform
250,b2b online marketing
251,b2b outbound marketing strategies
252,b2b paid media strategy
253,b2b paid search
254,b2b paid search agency
255,b2b paid search strategy
256,b2b persona examples
257,b2b personal selling
258,b2b personalization
259,b2b personas
260,b2b positioning strategies
261,b2b ppc agency
262,b2b product messaging
263,b2b programmatic advertising
264,b2b programmatic advertising vendors
265,b2b programmatic agency
266,b2b programmatic marketing
267,b2b rebranding
268,b2b rebranding agency
269,b2b rebranding examples
270,b2b remarketing strategy
271,b2b saas demand generation
272,b2b saas marketing
273,b2b saas marketing strategy
274,b2b saas sales strategy
275,b2b saas seo agency
276,b2b sales and marketing strategy
277,b2b sales data analysis
278,b2b sales digital transformation
279,b2b sales lead generation
280,b2b sales strategy
281,b2b search marketing strategy
282,b2b search strategy
283,b2b segmentation strategy
284,b2b sem strategy
285,b2b seo agency
286,b2b seo content strategy
287,b2b seo strategy
288,b2b seo strategy 2019
289,b2b seo strategy 2020
290,b2b service marketing strategy
291,b2b social marketing strategy
292,b2b social media agency
293,b2b social media marketing
294,b2b social media marketing strategy
295,b2b social media strategy
296,b2b social media strategy 2018
297,b2b social media strategy plan
298,b2b startup marketing strategy
299,b2b strategy
300,b2b strategy agency
301,b2b tech marketing agency
302,b2b technology
303,b2b technology content
304,b2b technology copywriter
305,b2b technology marketing agency
306,b2b user personas
307,b2b video marketing
308,b2b video marketing strategy
309,b2b web design agency
310,best b2b lead generation companies
311,best b2b marketing agency
312,best b2b marketing strategies
313,best brand visual identity
314,best enterprise email marketing
315,best facebook ad creatives
316,best marketing strategy
317,best ppc agency
318,big brand idea
319,big brand ideas
320,big data b2b
321,big data b2b marketing
322,big data in marketing
323,big data marketing
324,big idea branding
325,blog marketing strategy
326,bombora intent data
327,brand awareness
328,brand awareness ad campaign
329,brand awareness ads
330,brand awareness campaign
331,brand awareness definition
332,brand awareness examples
333,brand awareness marketing
334,brand awareness metrics
335,brand awareness strategy
336,brand awareness survey questions
337,brand awarness
338,brand development
339,brand development agency
340,brand development companies
341,brand development strategies
342,brand development strategy meaning
343,brand differentiation
344,brand differentiation definition
345,brand differentiation examples
346,brand differentiation meaning
347,brand health metrics
348,brand identity
349,brand identity advertising agency
350,brand identity agency
351,brand identity creative agency
352,brand identity definition
353,brand identity design
354,brand identity design agency
355,brand identity design services
356,brand identity elements
357,brand identity marketing agency
358,brand identity visual identity
359,brand identity vs visual identity
360,brand marketing strategy
361,brand metrics
362,brand optimisation
363,brand positioning
364,brand positioning framework
365,brand positioning statement
366,brand positioning statements
367,brand positioning strategies
368,brand positioning strategy
369,brand strategy identity
370,brand strategy marketing definition
371,brand tone of voice
372,brand tone of voice guidelines
373,brand visual identity
374,brand visual identity examples
375,branding and identity agency
376,branding and marketing strategy
377,branding and visual identity guidelines
378,branding b2b companies
379,branding identity
380,branding identity design
381,branding marketing strategy
382,branding marketing visual identity
383,branding positioning
384,branding strategy for b2b business
385,branding vs visual identity
386,build brand awareness
387,business marketing strategy
388,buy b2b intent data
389,buyer intent data
390,buyer persona b2b
391,buyer persona for b2b
392,buyer persona in b2b
393,cdp customer data platform
394,cdp data
395,cdp data platform
396,cdp in data
397,challenger business programme
398,commercial development branding
399,communicating brand positioning
400,competitive marketing strategy
401,competitor analysis
402,competitor analysis tools
403,competitor keyword analysis
404,competitors analysis
405,compliant b2b data
406,consulting services hubspot
407,content marketing agency for enterprise software
408,content marketing b2b
409,content marketing strategy
410,content marketing strategy example
411,content marketing strategy examples
412,content marketing strategy guide
413,create a marketing strategy
414,creating a brand identity
415,creative ad
416,creative ad company
417,creative and strategic thinking
418,creative b2b campaigns
419,creative b2b marketing
420,creative banner ads
421,creative brand design
422,creative brand design agency
423,creative facebook ads
424,creative production
425,creative video production company
426,customer data driven marketing
427,customer data platform
428,customer data platform agency
429,customer data unification
430,customer driven marketing strategy
431,data analytics in marketing
432,data driven b2b
433,data driven b2b marketing
434,data driven marketing
435,data driven marketing companies
436,data driven marketing decisions
437,data driven marketing insights
438,data driven marketing plan
439,data driven marketing strategy
440,data driven sales enablement
441,data enrichment
442,data enrichment services
443,data integration software market
444,data marketing
445,data marketing dashboards
446,data mining marketing
447,data science in marketing
448,data science marketing attribution
449,data studio marketing dashboards
450,data visualization in marketing
451,data warehouse vs marketing database
452,data-driven marketing strategy
453,define audience segmentation
454,define marketing strategy
455,definition of marketing strategy
456,demand generation b2b marketing
457,demand generation for b2b
458,demand generation in b2b
459,demand generation strategies b2b
460,demand generation strategy b2b
461,demand generation vs brand awareness
462,designing a brand identity
463,developing a personal brand
464,developing and managing brands
465,differentiated marketing strategy
466,digital analytics agency uk
467,digital and data driven marketing
468,digital content marketing strategy
469,digital marketing b2b strategy
470,digital marketing dashboards
471,digital marketing for b2b
472,digital marketing for b2b business
473,digital marketing strategy
474,digital marketing strategy agency
475,digital marketing strategy consultant
476,digital marketing strategy example
477,digital marketing strategy for b2b business
478,digital marketing strategy framework
479,digital marketing strategy plan
480,digital marketing strategy services
481,digital marketing strategy tactics
482,direct mail marketing strategy
483,display advertising
484,display advertising agency
485,display advertising companies
486,display advertising examples
487,display advertising network
488,display advertising services
489,display programmatic advertising
490,display vs social advertising
491,driven marketing strategy
492,earned owned and paid media
493,effective account based marketing
494,effective b2b marketing strategies
495,effective marketing strategy
496,elements of marketing strategy
497,email marketing automation
498,email marketing automation software
499,email marketing automation strategy
500,email marketing b2b
501,email marketing b2b lead generation
502,email marketing campaign strategy
503,email marketing strategy
504,email marketing strategy b2b
505,email marketing strategy template
506,enterprise account based marketing
507,enterprise digital marketing
508,enterprise digital marketing agency
509,enterprise digital marketing solutions
510,enterprise marketing
511,enterprise marketing automation
512,example marketing strategy
513,examples of a marketing strategy
514,examples of marketing dashboards
515,examples of marketing strategy
516,facebook marketing strategy
517,facebook video ad creative
518,first party data marketing
519,full service b2b marketing agency
520,funnel marketing strategy
521,generate b2b leads
522,global marketing strategy
523,global marketing strategy examples
524,google analytics agency
525,google display advertising
526,google pay per click ads
527,google ppc
528,growth marketing strategy
529,how do i find a great b2b creative agency
530,how do you measure brand awareness
531,how to build a b2b marketing strategy
532,how to build a marketing strategy
533,how to build an abm strategy
534,how to build brand awareness
535,how to create a b2b marketing strategy
536,how to create a brand identity
537,how to create a content marketing strategy
538,how to create a digital marketing strategy
539,how to create a marketing strategy
540,how to create b2b buyer personas
541,how to develop a b2b marketing strategy
542,how to develop a brand strategy
543,how to develop a marketing strategy
544,how to do b2b social media marketing
545,how to increase brand awareness
546,how to make a marketing strategy
547,how to measure brand awareness
548,how to write a marketing strategy
549,how to write high quality content
550,hubspot consulting
551,hubspot inbound consulting
552,hubspot technical consulting
553,importance of marketing strategy
554,inbound marketing strategy
555,inbound marketing strategy for b2b
556,increase brand awareness
557,influencer marketing strategy
558,influencer marketing strategy agency
559,install base data
560,integrated marketing communications strategy
561,integrated marketing strategy
562,intent based data
563,intent data
564,intent data platforms
565,intent data provider
566,intent data providers
567,international b2b marketing strategy
568,international marketing strategy
569,lifecycle marketing strategy
570,linkedin ad sizes
571,linkedin ad specs
572,linkedin ad targeting
573,linkedin ad types
574,linkedin ads
575,linkedin ads agency
576,linkedin b2b marketing
577,linkedin b2b marketing strategy
578,linkedin business partner
579,linkedin carousel ad specs
580,linkedin marketing strategy
581,linkedin partner program
582,linkedin video ad specs
583,marketing analytics agency
584,marketing analytics dashboards
585,marketing and data analytics
586,marketing and sales strategy
587,marketing automation
588,marketing automation agency
589,marketing automation in b2b
590,marketing automation services
591,marketing automation strategy
592,marketing b2b strategies
593,marketing campaign strategy
594,marketing channel strategy
595,marketing communication strategy
596,marketing communication strategy example
597,marketing communications strategy
598,marketing content marketing strategy
599,marketing dashboards
600,marketing data
601,marketing data analysis
602,marketing data analyst
603,marketing data analytics
604,marketing data platform
605,marketing data science
606,marketing data warehouse
607,marketing data warehouse design
608,marketing digital strategy
609,marketing email strategy
610,marketing first party data
611,marketing growth strategy
612,marketing message strategy
613,marketing messaging
614,marketing messaging framework
615,marketing messaging framework template
616,marketing messaging matrix template
617,marketing mix strategy
618,marketing penetration strategy
619,marketing plan strategy
620,marketing price strategy
621,marketing strategies b2b
622,marketing strategies for b2b
623,marketing strategy
624,marketing strategy agency
625,marketing strategy b2b
626,marketing strategy b2b saas
627,marketing strategy companies
628,marketing strategy consultant
629,marketing strategy consulting
630,marketing strategy consulting firms
631,marketing strategy definition
632,marketing strategy development
633,marketing strategy example
634,marketing strategy examples
635,marketing strategy for construction company
636,marketing strategy for social media
637,marketing strategy framework
638,marketing strategy outline
639,marketing strategy plan
640,marketing strategy planning
641,marketing strategy plans
642,marketing strategy sample
643,marketing strategy social media
644,marketing strategy template
645,marketing strategy types
646,marketing strategy vs marketing plan
647,marketing strategy vs tactics
648,marketing targeting strategy
649,marketing to b2b
650,marketo data integration
651,marketo email templates
652,marketo integration
653,marketo salesforce integration
654,marketo support
655,martech
656,martech consulting
657,martech solutions
658,measure brand awareness
659,measuring brand awareness
660,measuring sales enablement
661,multi channel marketing strategy
662,multi segment marketing strategy
663,multi-channel marketing strategy
664,multichannel marketing
665,multichannel marketing definition
666,multichannel marketing strategy
667,niche marketing strategy
668,omni channel marketing strategy
669,omnichannel marketing strategy
670,online display advertising
671,online marketing strategy
672,online marketing strategy agency
673,online marketing strategy b2b
674,owned earned and paid media
675,paid media
676,paid media agency
677,paid media channels
678,paid media marketing
679,paid media strategy
680,paid owned and earned media
681,paid owned earned media
682,paid search advertising
683,paid search agency
684,paid social media
685,paid social media advertising
686,paid social media advertising agency
687,paid social media agency
688,paid social media strategy
689,pardot agency
690,pardot b2b marketing analytics
691,pardot marketing agency
692,pay per click
693,pay per click advertising
694,pay per click advertising agency
695,pay per click agency
696,pay per click company
697,pay per click google
698,pay per click management
699,pay per click management agency
700,pay per click management services
701,pay per click marketing
702,pay per click marketing agency
703,pay-per-click advertising
704,performance marketing
705,persona b2b marketing
706,personalization in b2b
707,personalized marketing strategy
708,plan a marketing strategy
709,positioning strategy marketing
710,ppc
711,ppc ads
712,ppc ads agency
713,ppc advertising
714,ppc advertising agency
715,ppc advertising services
716,ppc agencies
717,ppc agency
718,ppc agency london
719,ppc b2b lead generation
720,ppc campaign
721,ppc campaign management
722,ppc campaigns
723,ppc company
724,ppc consultant
725,ppc expert
726,ppc keyword research
727,ppc management
728,ppc management agency
729,ppc management company
730,ppc management services
731,ppc marketing
732,ppc marketing agency
733,ppc marketing company
734,ppc marketing services
735,ppc meaning
736,ppc services
737,ppc strategy
738,primary data marketing
739,programmatic ad buying b2b
740,programmatic b2b
741,programmatic display advertising
742,programmatic for b2b
743,programmatic vs display advertising
744,psychographic audience segmentation
745,pull marketing strategy
746,pull marketing strategy examples
747,pull strategy marketing
748,push and pull strategy in marketing
749,push marketing strategy
750,push pull strategy marketing
751,push strategy marketing
752,push vs pull strategy marketing
753,rebranding
754,rebranding marketing strategy
755,rebranding strategy
756,role of data in marketing
757,sales and marketing strategy
758,sales enablement
759,sales enablement best practices
760,sales enablement companies
761,sales enablement content
762,sales enablement metrics
763,sales enablement software
764,sales enablement strategy
765,sales enablement tools
766,salesforce marketing automation
767,search engine marketing strategy
768,segmentation of target audience
769,seo competitor analysis
770,seo content marketing strategy
771,seo marketing strategy
772,seo vs ppc
773,siriusdecisions abm framework
774,social marketing strategy
775,social media abm
776,social media marketing strategy
777,social media strategy marketing
778,strategic and creative thinking
779,strategic internet marketing services
780,strategic marketing
781,strategic marketing plan marketing strategy sample
782,strategic thinking for advertising creatives
783,strategy in marketing plan
784,target audience and segmentation
785,target audience segmentation
786,terminus abm framework
787,the global leader in b2b demand generation
788,top b2b brand agencies
789,top b2b branding agencies
790,top b2b digital marketing strategies
791,top brand identity agencies
792,top marketing strategy companies
793,twitter ads creatives
794,types of b2b content
795,types of display advertising
796,types of marketing strategy
797,video content marketing strategy
798,video marketing strategy
799,visual brand identity definition
800,visual identity
801,web analytics agency
802,web marketing strategy
803,what is a b2b marketing strategy
804,what is a content marketing strategy
805,what is a customer data platform
806,what is a good marketing strategy
807,what is a marketing strategy
808,what is abm strategy
809,what is account based marketing
810,what is audience segmentation
811,what is b2b content marketing
812,what is b2b content marketing strategy
813,what is b2b demand generation
814,what is b2b in marketing
815,what is brand development
816,what is brand identity
817,what is brand positioning
818,what is content marketing strategy
819,what is digital marketing strategy
820,what is display advertising
821,what is enterprise and marketing
822,what is marketing positioning strategy
823,what is marketing strategy
824,what is martech
825,what is performance marketing
826,what is the marketing strategy
827,what is the ppc
828,what is visual brand identity
829,what is visual identity and branding in design
830,what marketing strategy
831,youtube marketing strategy
